City_ID,City,Lat,Lng,Max Temp,Humidity,Cloudiness,Wind Speed,Country,Date
0,port-aux-francais,-49.35,70.2167,1.17,75,66,17.2,TF,1695796869
1,carutapera,-1.195,-46.02,25.39,84,32,3.04,BR,1695796869
2,sao joao da barra,-21.6403,-41.0511,22.82,88,94,4.52,BR,1695796869
3,adamstown,-25.066,-130.1015,20.97,71,100,6.96,PN,1695796869
4,ribeira grande,38.5167,-28.7,19.32,82,40,3.09,PT,1695796869
5,sitka,57.0531,-135.33,12.94,82,100,2.06,US,1695796870
6,isafjordur,66.0755,-23.124,4.36,95,100,14.01,IS,1695796870
7,peachtree city,33.3968,-84.5958,21.94,92,100,1.54,US,1695796870
8,gombi,10.1614,12.7399,26.07,70,20,2.39,NG,1695796870
9,braintree,51.8782,0.5529,15.65,94,100,1.34,GB,1695796870
10,la ronge,55.1001,-105.2842,19.14,59,75,7.72,CA,1695796871
11,lebu,-37.6167,-73.65,6.72,82,6,3.98,CL,1695796871
12,vershino-darasunskiy,52.35,115.5167,13.09,38,99,3.71,RU,1695796871
13,wailua homesteads,22.0669,-159.378,26.24,76,20,7.2,US,1695796871
14,walvis bay,-22.9575,14.5053,24.53,22,0,2.57,NA,1695796871
15,brezina,33.0989,1.2608,21.17,29,5,1.99,DZ,1695796872
16,boende,-0.2167,20.8667,28.79,63,22,1.28,CD,1695796872
17,bredasdorp,-34.5322,20.0403,14.99,69,5,3.38,ZA,1695796872
18,solnechnyy,50.7214,136.6319,14.19,87,100,2.55,RU,1695796872
19,bilibino,68.0546,166.4372,-1.06,98,100,3.27,RU,1695796872
20,kangding,30.0513,101.9603,16.63,88,94,2.57,CN,1695796873
21,edinburgh of the seven seas,-37.0676,-12.3116,12.04,68,27,11.85,SH,1695796873
22,thinadhoo,0.5333,72.9333,28.17,72,31,5.68,MV,1695796873
23,baruun-urt,46.6806,113.2792,11.33,49,97,5.72,MN,1695796873
24,hawaiian paradise park,19.5933,-154.9731,23.74,90,75,2.06,US,1695796873
25,badger,64.8,-147.5333,2.93,83,75,2.57,US,1695796873
26,kampung tanjung karang,3.4242,101.1849,30.83,64,72,5.73,MY,1695796874
27,albany,42.6001,-73.9662,9.2,93,21,0.89,US,1695796874
28,mildura,-34.2,142.15,21.71,39,0,7.8,AU,1695796874
29,lazaro cardenas,17.9583,-102.2,26.56,85,16,2.12,MX,1695796874
30,sinan,34.8262,126.1086,25.06,84,7,4.05,KR,1695796874
31,buala,-8.145,159.5921,27.67,80,100,4.79,SB,1695796875
32,port mathurin,-19.6833,63.4167,22.89,71,7,9.05,MU,1695796875
33,hammerfest,70.6634,23.6821,10.25,93,75,3.6,NO,1695796875
34,steti,50.453,14.3742,20.44,100,7,1.72,CZ,1695796875
35,yuzhno-kurilsk,44.0306,145.8556,16.54,84,45,2.35,RU,1695796875
36,tiksi,71.6872,128.8694,0.41,60,7,9.48,RU,1695796875
37,luderitz,-26.6481,15.1594,20.36,35,0,2.97,NA,1695796876
38,saipan,15.1355,145.701,29.39,79,75,3.09,MP,1695796876
39,iqaluit,63.7506,-68.5145,4.85,70,100,10.8,CA,1695796876
40,invercargill,-46.4,168.35,7.79,91,23,4.02,NZ,1695796876
41,college,64.8569,-147.8028,2.97,81,75,2.57,US,1695796876
42,darlowo,54.421,16.4107,17.97,83,78,4.27,PL,1695796876
43,juneau,58.3019,-134.4197,10.61,97,100,0.0,US,1695796877
44,wau,7.7029,27.9953,24.06,86,100,1.61,SS,1695796877
45,utrik,11.2278,169.8474,28.65,74,100,5.07,MH,1695796877
46,polyarnyy,69.1989,33.4478,10.8,83,100,7.97,RU,1695796877
47,anahuac,27.2333,-100.15,28.12,60,2,4.64,MX,1695796877
48,bethel,41.3712,-73.414,10.17,83,0,0.0,US,1695796878
49,yen vinh,18.6667,105.6667,28.07,82,100,2.12,VN,1695796878
50,ilulissat,69.2167,-51.1,0.01,55,100,10.29,GL,1695796878
51,saint-joseph,-21.3667,55.6167,26.37,63,0,5.95,RE,1695796878
52,udachny,66.4167,112.4,3.03,80,100,9.27,RU,1695796878
53,shanhaiguan,39.9988,119.7564,23.34,55,100,2.54,CN,1695796879
54,karratha,-20.7377,116.8463,34.45,27,2,7.15,AU,1695796879
55,puerto natales,-51.7236,-72.4875,2.79,96,100,0.75,CL,1695796879
56,ushuaia,-54.8,-68.3,0.81,69,75,4.12,AR,1695796879
57,kyzylorda,44.8528,65.5092,25.01,25,0,4.0,KZ,1695796879
58,vallenar,-28.5708,-70.7581,12.9,57,0,0.71,CL,1695796879
59,waitangi,-43.9535,-176.5597,12.12,91,100,3.13,NZ,1695796880
60,fort mcmurray,56.7268,-111.381,13.77,71,100,3.6,CA,1695796880
61,blackmans bay,-43.0167,147.3167,16.07,57,100,3.77,AU,1695796880
62,hermanus,-34.4187,19.2345,14.61,70,0,5.64,ZA,1695796880
63,machico,32.7,-16.7667,22.06,81,20,1.03,PT,1695796880
64,whitehorse,60.7161,-135.0538,5.45,93,100,1.54,CA,1695796880
65,huarmey,-10.0681,-78.1522,18.16,87,100,2.68,PE,1695796881
66,mejit,10.2753,170.8646,28.4,77,100,2.98,MH,1695796881
67,papatowai,-46.5619,169.4708,7.25,89,100,4.16,NZ,1695796881
68,grytviken,-54.2811,-36.5092,-2.63,75,13,2.76,GS,1695796881
69,faya-largeau,17.9257,19.1043,34.36,9,0,6.38,TD,1695796881
70,wake forest,35.9799,-78.5097,18.36,89,100,0.45,US,1695796825
71,kapa'a,22.0752,-159.319,26.99,76,20,7.2,US,1695796882
72,olonkinbyen,70.9221,-8.7187,3.74,97,100,9.85,SJ,1695796882
73,sittwe,20.15,92.9,29.96,74,83,4.49,MM,1695796862
74,talnakh,69.4865,88.3972,1.23,75,100,6.22,RU,1695796882
75,arraial do cabo,-22.9661,-42.0278,21.28,95,89,6.34,BR,1695796882
76,georgetown,5.4112,100.3354,31.96,95,20,6.17,MY,1695796882
77,port elizabeth,-33.918,25.5701,16.84,65,75,6.17,ZA,1695796883
78,thompson,55.7435,-97.8558,16.09,77,0,2.06,CA,1695796883
79,longyearbyen,78.2186,15.6401,-8.09,73,20,4.12,SJ,1695796883
80,acapulco de juarez,16.8634,-99.8901,27.9,89,20,2.06,MX,1695796883
81,darwin,-12.4611,130.8418,31.99,51,0,5.66,AU,1695796883
82,yellowknife,62.456,-114.3525,10.23,100,100,1.54,CA,1695796867
83,fort st. john,56.2499,-120.8529,9.94,62,40,4.12,CA,1695796884
84,kodiak,57.79,-152.4072,7.73,46,100,4.22,US,1695796884
85,pandan,14.0453,124.1694,29.81,68,2,3.68,PH,1695796884
86,kerikeri,-35.2268,173.9474,14.95,84,36,3.7,NZ,1695796884
87,hami,42.8,93.45,21.95,22,8,5.19,CN,1695796758
88,kas,36.2018,29.6377,30.17,43,0,2.43,TR,1695796884
89,yanam,16.7333,82.2167,31.2,72,45,2.05,IN,1695796885
90,santa cruz,-17.8,-63.1667,24.7,73,100,7.2,BO,1695796774
91,avarua,-21.2078,-159.775,22.03,83,75,7.72,CK,1695796885
92,stanley,54.868,-1.6985,9.84,92,0,1.54,GB,1695796885
93,severo-yeniseyskiy,60.3725,93.0408,9.39,51,5,5.5,RU,1695796885
94,vila franca do campo,37.7167,-25.4333,20.23,91,83,0.44,PT,1695796885
95,fiditi,7.7136,3.9172,23.47,95,100,1.84,NG,1695796886
96,margate,51.3813,1.3862,16.61,95,100,0.89,GB,1695796886
97,salamanca,40.8333,-6.0,16.46,50,63,2.22,ES,1695796616
98,sisimiut,66.9395,-53.6735,0.71,86,100,5.13,GL,1695796886
99,yeppoon,-23.1333,150.7333,28.88,59,0,5.2,AU,1695796886
100,kashary,49.04,41.0056,24.61,24,0,3.67,RU,1695796887
101,gamba,-2.65,10.0,24.51,89,100,2.8,GA,1695796887
102,puerto aysen,-45.4,-72.7,5.54,100,100,2.74,CL,1695796887
103,greymouth,-42.4667,171.2,8.74,83,100,0.12,NZ,1695796887
104,crawfordsville,40.0411,-86.8745,17.95,82,40,2.06,US,1695796887
105,monrovia,6.3005,-10.7969,24.87,87,5,1.29,LR,1695796887
106,itoman,26.1247,127.6694,32.43,64,40,5.66,JP,1695796888
107,mandalgovi,45.7625,106.2708,10.44,27,7,4.99,MN,1695796888
108,shimoda,34.6667,138.95,28.2,75,27,5.16,JP,1695796888
109,guiuan,11.0333,125.7247,29.11,72,28,3.71,PH,1695796888
110,pantai remis,4.4557,100.6288,31.48,61,100,5.51,MY,1695796888
111,atafu village,-8.5421,-172.5159,28.37,68,97,1.86,TK,1695796888
112,lubumbashi,-11.6609,27.4794,28.62,22,0,2.37,CD,1695796889
113,brush,40.2589,-103.6238,14.71,82,0,3.6,US,1695796889
114,arkhangel'sk,64.5401,40.5433,12.9,86,45,4.16,RU,1695796889
115,egilsstadir,65.2653,-14.3948,5.95,93,100,3.09,IS,1695796889
116,baraki barak,33.9675,68.9486,22.06,10,0,0.14,AF,1695796889
117,aleksandrovsk-sakhalinskiy,50.8975,142.1561,15.51,78,70,2.16,RU,1695796890
118,alpine,32.835,-116.7664,18.38,71,0,0.0,US,1695796890
119,fale old settlement,-9.3852,-171.2468,28.4,75,15,3.43,TK,1695796890
120,loreto,22.2667,-101.9667,14.35,75,15,1.75,MX,1695796890
121,kiunga,-6.1219,141.2906,25.47,97,97,1.26,PG,1695796890
122,castro,-24.7911,-50.0119,24.16,53,97,2.35,BR,1695796890
123,port lincoln,-34.7333,135.8667,15.61,59,0,5.37,AU,1695796891
124,susuman,62.7833,148.1667,2.03,79,15,2.03,RU,1695796891
125,kargasok,59.0556,80.8572,8.96,93,100,2.26,RU,1695796891
126,rurrenabaque,-14.4413,-67.5278,27.39,57,100,0.22,BO,1695796891
127,boa vista,2.8197,-60.6733,27.99,65,20,1.03,BR,1695796891
128,qulsary,46.9531,54.0198,25.01,26,11,4.67,KZ,1695796892
129,san patricio,28.017,-97.5169,28.92,73,0,2.04,US,1695796892
130,forster,-32.1667,152.5167,20.77,81,60,4.79,AU,1695796892
131,nuuk,64.1835,-51.7216,4.34,65,100,10.29,GL,1695796892
132,newnham,-41.3833,147.1333,16.03,63,18,10.29,AU,1695796892
133,happy valley-goose bay,53.3168,-60.3315,6.17,81,40,2.57,CA,1695796892
134,praia da vitoria,38.7333,-27.0667,18.75,94,75,1.95,PT,1695796893
135,selfoss,63.9331,-20.9971,7.25,92,100,3.15,IS,1695796893
136,broken hill,-31.95,141.4333,22.7,30,0,8.33,AU,1695796893
137,motueka,-41.1333,173.0167,13.39,92,100,1.77,NZ,1695796894
138,ashoknagar,24.5667,77.7167,31.22,51,6,3.54,IN,1695796894
139,iskateley,67.6803,53.1512,5.02,85,100,4.48,RU,1695796894
140,loch garman,52.3342,-6.4575,15.68,100,100,7.15,IE,1695796756
141,santa isabel,-23.3156,-46.2214,25.61,58,52,1.43,BR,1695796894
142,punta arenas,-53.15,-70.9167,1.06,80,0,2.57,CL,1695796895
143,kuala tungkal,-0.8167,103.4667,32.34,48,5,4.35,ID,1695796895
144,port alfred,-33.5906,26.891,13.99,91,100,2.68,ZA,1695796895
145,wenchang,30.904,118.4887,26.86,81,98,2.44,CN,1695796895
146,linxia chengguanzhen,35.6003,103.2064,17.67,56,99,3.28,CN,1695796895
147,aitape,-3.1374,142.3475,25.99,84,100,0.67,PG,1695796895
148,san rafael,-34.6177,-68.3301,10.2,26,0,3.06,AR,1695796896
149,sierpc,52.8568,19.6691,19.34,52,0,2.95,PL,1695796896
150,uturoa,-16.7333,-151.4333,25.64,79,41,8.12,PF,1695796896
151,menongue,-14.6585,17.691,24.06,14,0,3.35,AO,1695796896
152,ancud,-41.8697,-73.8203,9.18,91,100,8.04,CL,1695796896
153,puerto carreno,6.189,-67.4859,26.19,81,100,1.61,CO,1695796897
154,stephenville,32.2207,-98.2023,23.76,71,0,0.0,US,1695796897
155,laibin,23.7,109.2667,32.63,58,78,2.41,CN,1695796759
156,kiruna,67.8557,20.2251,7.51,81,100,4.12,SE,1695796897
157,hasaki,35.7333,140.8333,26.22,82,95,3.4,JP,1695796897
158,tofol,5.3248,163.0078,25.98,85,100,1.86,FM,1695796897
159,shengli,37.4564,118.4856,24.01,53,100,3.15,CN,1695796898
160,gospic,44.5461,15.3747,19.83,75,4,3.42,HR,1695796898
161,east wenatchee bench,47.4257,-120.2812,11.65,78,0,3.09,US,1695796898
162,harstad,68.799,16.5293,12.67,88,100,10.28,NO,1695796898
163,kill devil hills,36.0307,-75.676,21.66,87,100,5.66,US,1695796898
164,roja,57.5,22.8167,15.69,82,100,4.1,LV,1695796898
165,touros,-5.1989,-35.4608,25.2,66,69,5.13,BR,1695796899
166,ciudad melchor muzquiz,27.8833,-101.5167,24.58,68,4,1.46,MX,1695796899
167,vikhorevka,56.1201,101.1636,15.77,42,29,1.94,RU,1695796899
168,ongjin,37.9347,125.3619,22.92,75,62,6.13,KP,1695796899
169,tukrah,32.5341,20.5791,23.85,62,100,5.73,LY,1695796899
170,baki,-7.6128,110.7839,36.99,20,8,1.54,ID,1695796900
171,le marin,14.4721,-60.8697,26.95,94,75,1.03,MQ,1695796900
172,tromso,69.6496,18.957,12.01,76,75,4.12,NO,1695796900
173,mar del plata,-38.0023,-57.5575,7.83,89,0,2.57,AR,1695796900
174,kapuskasing,49.4169,-82.4331,4.05,100,0,0.0,CA,1695796901
175,spring creek,40.7266,-115.5859,12.39,25,13,1.07,US,1695796901
176,marsa alam,25.0757,34.8918,32.82,42,2,6.64,EG,1695796901
177,hassi messaoud,31.6804,6.0729,19.92,42,0,2.57,DZ,1695796901
178,tabou,4.423,-7.3528,25.1,91,9,1.19,CI,1695796901
179,anna regina,7.2644,-58.5077,26.4,87,10,1.66,GY,1695796901
180,ust-tsilma,65.441,52.1498,8.61,89,100,5.13,RU,1695796901
181,dudinka,69.4058,86.1778,1.46,63,82,7.27,RU,1695796902
182,saint-paul,-21.0096,55.2707,27.22,69,0,0.89,RE,1695796657
183,dubbo,-32.25,148.6167,24.07,15,100,8.75,AU,1695796902
184,labytnangi,66.6572,66.4183,3.76,91,100,3.99,RU,1695796902
185,mudgee,-32.5943,149.5871,24.32,18,100,3.95,AU,1695796640
186,pembroke,45.8168,-77.1162,5.66,93,100,0.92,CA,1695796902
187,new norfolk,-42.7826,147.0587,16.72,64,99,3.52,AU,1695796903
188,dunedin,-45.8742,170.5036,8.22,80,100,1.79,NZ,1695796805
189,sola,-13.8833,167.55,25.19,79,100,11.93,VU,1695796903
190,naranjos,21.35,-97.6833,23.97,90,5,1.52,MX,1695796903
191,oranjemund,-28.55,16.4333,19.77,38,0,5.81,NA,1695796903
192,san antonio de pale,-1.4014,5.6325,24.25,87,100,5.35,GQ,1695796903
193,mount pearl,47.5166,-52.7813,8.41,81,100,4.63,CA,1695796904
194,coquimbo,-29.9533,-71.3436,10.85,87,0,1.03,CL,1695796904
195,manaure,11.7751,-72.4445,28.47,75,8,3.58,CO,1695796904
196,le port,-20.9373,55.2919,27.16,69,0,1.19,RE,1695796904
197,nkowakowa,-23.8878,30.2871,16.28,76,100,2.77,ZA,1695796904
198,margaret river,-33.95,115.0667,23.09,58,0,3.76,AU,1695796904
199,tura,25.5198,90.2201,29.75,73,70,1.38,IN,1695796905
200,navia,43.5354,-6.7194,17.15,78,100,2.04,ES,1695796905
201,roma,43.2128,-75.4557,9.95,96,0,0.0,US,1695796905
202,nangong,37.3581,115.3744,21.27,69,100,3.3,CN,1695796905
203,fonte boa,-2.4959,-66.2662,23.45,96,0,0.88,BR,1695796905
204,mosjoen,65.836,13.1908,14.12,93,40,1.54,NO,1695796905
205,esteli,13.0919,-86.3538,20.04,94,100,1.63,NI,1695796906
206,cadale,2.7603,46.3222,27.93,76,72,7.41,SO,1695796906
207,luwuk,-0.9516,122.7875,28.78,65,100,4.45,ID,1695796906
208,east london,-33.0153,27.9116,15.52,67,20,10.29,ZA,1695796906
209,choma,-16.8065,26.9531,25.62,28,83,4.26,ZM,1695796906
210,tvoroyri,61.5556,-6.8111,10.28,87,10,7.51,FO,1695796906
211,campechuela,20.2342,-77.2789,25.8,91,98,3.17,CU,1695796907
212,carupano,10.6678,-63.2585,25.66,88,4,1.22,VE,1695796907
213,matale,7.4721,80.6234,29.63,60,86,3.84,LK,1695796907
214,san antonio oeste,-40.7319,-64.9477,12.47,39,77,4.84,AR,1695796907
215,kupang,-10.1667,123.5833,31.32,66,20,5.14,ID,1695796907
216,petropavlovsk-kamchatsky,53.0452,158.6483,11.33,54,20,3.0,RU,1695796907
217,port saint john's,-31.6229,29.5448,18.94,52,81,7.12,ZA,1695796908
218,dubovka,49.0583,44.829,24.37,43,0,2.63,RU,1695796908
219,pacific grove,36.6177,-121.9166,17.23,88,20,1.54,US,1695796908
220,glace bay,46.1969,-59.957,12.2,87,75,3.58,CA,1695796909
221,dongola,19.1667,30.4833,38.0,11,22,3.37,SD,1695796909
222,akureyri,65.6835,-18.0878,5.96,81,100,3.09,IS,1695796825
223,masterton,-40.9597,175.6575,8.82,98,100,4.08,NZ,1695796909
224,katsuura,35.1333,140.3,26.78,78,16,4.5,JP,1695796909
225,constantia,44.1833,28.65,22.61,63,51,10.1,RO,1695796909
226,anadyr,64.75,177.4833,4.28,86,75,2.0,RU,1695796910
227,porto velho,-8.7619,-63.9039,26.03,83,0,0.0,BR,1695796910
228,luba,3.4568,8.5547,26.53,86,100,1.83,GQ,1695796910
229,gobo,33.8833,135.15,28.57,73,11,2.2,JP,1695796910
230,alice springs,-23.7,133.8833,32.75,12,5,5.66,AU,1695796758
231,burang,30.25,81.1667,12.71,20,0,3.53,CN,1695796910
232,bisenda buzurg,25.4167,80.6167,33.91,48,15,2.49,IN,1695796911
233,kayangel,8.0823,134.7173,28.1,80,100,10.63,PW,1695796911
234,la passe,45.5549,-0.8967,14.99,76,100,4.42,FR,1695796911
235,cabo san lucas,22.8909,-109.9124,30.42,88,3,0.64,MX,1695796911
236,qaqortoq,60.7167,-46.0333,2.28,53,100,2.0,GL,1695796911
237,hilvan,37.5869,38.9551,31.49,20,0,2.06,TR,1695796911
238,amparafaravola,-17.5833,48.2167,21.73,58,99,4.29,MG,1695796911
239,villa dolores,-31.9459,-65.1896,7.85,44,0,2.15,AR,1695796912
240,manacapuru,-3.2997,-60.6206,26.29,67,3,2.09,BR,1695796847
241,sampang,-7.1872,113.2394,31.63,47,69,7.0,ID,1695796912
242,omu-aran,8.1333,5.1,22.75,94,85,2.33,NG,1695796912
243,beyneu,45.3167,55.2,23.99,34,10,1.46,KZ,1695796879
244,kalat,29.0225,66.5916,22.47,7,0,2.36,PK,1695796913
245,bukittinggi,-0.3091,100.3706,25.52,67,92,1.66,ID,1695796863
246,hede,33.7681,120.2517,24.14,83,100,3.07,CN,1695796913
247,tymovskoye,50.8456,142.655,16.09,75,74,0.5,RU,1695796913
248,huaiyuan chengguanzhen,32.9589,117.1657,26.58,63,99,3.58,CN,1695796914
249,kingston,17.997,-76.7936,28.53,86,20,3.09,JM,1695796914
250,nyurba,63.2842,118.3319,9.81,42,100,4.07,RU,1695796914
251,vila velha,-20.3297,-40.2925,24.41,91,20,5.66,BR,1695796914
252,qamdo,31.1667,97.2333,14.62,36,56,2.33,CN,1695796914
253,puerto baquerizo moreno,-0.9,-89.6,23.11,85,74,6.48,EC,1695796914
254,altai,46.3722,96.2583,-0.43,85,93,6.99,MN,1695796915
255,vetluzhskiy,58.3902,45.4654,14.0,65,6,3.56,RU,1695796915
256,flying fish cove,-10.4217,105.6791,26.82,78,75,6.17,CX,1695796915
257,ciro marina,39.3732,17.126,22.79,73,11,9.45,IT,1695796915
258,chinde,26.8418,88.0763,23.87,72,67,1.92,NP,1695796916
259,fedorovskiy,45.0972,40.9517,23.49,28,0,9.75,RU,1695796916
260,kruisfontein,-34.0033,24.7314,13.27,62,72,5.0,ZA,1695796916
261,villa gesell,-37.2639,-56.973,7.25,86,9,4.25,AR,1695796916
262,lebork,54.5392,17.7501,16.62,100,98,2.78,PL,1695796916
263,ust-nera,64.5667,143.2,5.41,90,99,3.44,RU,1695796917
264,aldan,58.6031,125.3894,10.01,52,0,2.97,RU,1695796917
265,port macquarie,-31.4333,152.9167,22.16,78,9,4.96,AU,1695796639
266,the pas,53.8251,-101.2541,14.01,94,0,4.63,CA,1695796917
267,dalby,-27.1833,151.2667,28.74,20,21,1.38,AU,1695796917
268,quellon,-43.1167,-73.6167,8.33,95,100,6.64,CL,1695796918
269,kovalam,8.3667,76.9967,31.05,79,40,5.14,IN,1695796918
270,tangalle,6.024,80.7911,27.09,76,100,5.77,LK,1695796918
271,cockburn town,21.4612,-71.1419,28.85,76,10,6.3,TC,1695796918
272,mitu,1.1983,-70.1733,23.57,92,88,0.72,CO,1695796918
273,vorgashor,67.5833,63.95,1.93,93,100,4.98,RU,1695796918
274,olyokminsk,60.3736,120.4264,14.73,53,100,2.63,RU,1695796919
275,north tamworth,-31.0778,150.9261,29.06,20,75,5.14,AU,1695796919
276,al ghayzah,16.2079,52.176,29.49,58,20,3.87,YE,1695796919
277,castillos,-34.1667,-53.8333,9.5,94,100,4.79,UY,1695796919
278,namibe,-15.1961,12.1522,19.9,82,5,3.44,AO,1695796919
279,pechora,65.1472,57.2244,10.79,85,100,3.63,RU,1695796920
280,kirishi,59.4471,32.0205,13.16,68,44,2.63,RU,1695796920
281,laguna,38.421,-121.4238,19.08,75,0,2.06,US,1695796920
282,west island,-12.1568,96.8225,27.99,78,40,8.75,CC,1695796920
283,san pedro pochutla,15.7333,-96.4667,24.43,83,6,1.53,MX,1695796920
284,saint-philippe,-21.3585,55.7679,26.77,67,1,5.78,RE,1695796920
285,ola,59.5833,151.2833,6.51,70,11,2.18,RU,1695796921
286,jamestown,42.097,-79.2353,14.77,88,100,4.63,US,1695796847
287,itacare,-14.2775,-38.9967,23.41,88,49,3.5,BR,1695796921
288,al manshah,26.4769,31.8035,27.14,26,0,2.57,EG,1695796921
289,kakata,6.53,-10.3517,24.49,98,39,0.24,LR,1695796922
290,ilebo,-4.3167,20.5833,28.39,67,82,0.7,CD,1695796922
291,nar'yan-mar,67.6713,53.087,5.08,85,100,4.48,RU,1695796922
292,usogorsk,63.4106,48.6872,11.51,92,100,4.09,RU,1695796922
293,lalmohan,22.3384,90.7419,31.68,64,76,0.75,BD,1695796923
294,komarichi,52.4151,34.7905,17.1,56,9,3.32,RU,1695796923
295,kasangulu,-4.5911,15.1708,23.52,66,43,2.15,CD,1695796923
296,sao francisco de assis,-29.5503,-55.1311,11.23,93,100,6.77,BR,1695796923
297,chonchi,-42.6128,-73.8092,8.56,96,100,3.28,CL,1695796924
298,medina,24.4686,39.6142,37.24,6,0,5.66,SA,1695796924
299,kannus,63.9,23.9,13.07,88,100,3.55,FI,1695796924
300,la'ie,21.6477,-157.9253,25.98,74,12,2.68,US,1695796924
301,kokopo,-4.352,152.2633,27.83,72,100,4.54,PG,1695796924
302,broome,42.2506,-75.833,10.11,95,0,2.57,US,1695796925
303,chekmagush,55.1319,54.6556,15.58,55,100,3.89,RU,1695796925
304,maitum,6.0392,124.4986,28.97,69,80,3.49,PH,1695796925
305,hell-ville,-13.4,48.2667,28.93,64,20,3.09,MG,1695796925
306,arno,60.1167,18.6333,13.77,79,100,3.91,SE,1695796925
307,springs,-26.25,28.4,13.47,89,100,4.0,ZA,1695796926
308,khorixas,-20.3667,14.9667,22.54,21,0,7.89,NA,1695796832
309,kuanda,56.3161,116.0806,15.54,40,7,3.03,RU,1695796926
310,belem,-1.4558,-48.5044,26.02,89,0,2.57,BR,1695796684
311,isla mujeres,21.2311,-86.731,24.03,82,100,3.09,MX,1695796926
312,rabo de peixe,37.8,-25.5833,19.73,88,20,2.57,PT,1695796927
313,bhamo,24.2667,97.2333,36.89,43,14,0.48,MM,1695796927
314,acarau,-2.8856,-40.12,25.58,77,64,5.19,BR,1695796927
315,lorengau,-2.0226,147.2712,26.14,83,100,4.38,PG,1695796927
316,antofagasta,-23.65,-70.4,14.6,82,38,3.62,CL,1695796927
317,labrador city,52.9463,-66.9114,6.95,76,0,4.63,CA,1695796928
318,nuku'alofa,-21.1333,-175.2,24.19,88,40,4.63,TO,1695796928
319,bandar-e lengeh,26.5579,54.8807,35.06,41,0,6.17,IR,1695796928
320,puerto ayora,-0.7393,-90.3518,24.19,94,73,2.24,EC,1695796928
321,barcelos,41.5388,-8.6151,17.18,78,98,1.63,PT,1695796928
322,barra de santo antonio,-9.4047,-35.5072,21.6,87,3,4.78,BR,1695796928
323,taltal,-25.4,-70.4833,14.26,80,0,0.23,CL,1695796929
324,tolanaro,-25.0319,46.9987,27.04,50,20,11.32,MG,1695796929
325,majuro,7.0897,171.3803,29.98,74,100,1.54,MH,1695796683
326,boromo,11.75,-2.9333,25.62,80,97,2.63,BF,1695796929
327,yuksekova,37.5736,44.2872,13.86,58,20,1.54,TR,1695796930
328,pimentel,-6.8367,-79.9342,20.16,83,0,7.2,PE,1695796930
329,biloela,-24.4167,150.5,29.07,22,21,3.39,AU,1695796930
330,milagros,12.2181,123.5095,29.9,72,14,4.88,PH,1695796930
331,pangoa,-12.1167,-73.0,24.06,69,91,0.73,PE,1695796930
332,aasiaat,68.7098,-52.8699,-3.69,75,100,4.75,GL,1695796931
333,ormara,25.2088,64.6357,28.05,61,9,4.46,PK,1695796931
334,pangody,65.85,74.4859,3.44,71,100,3.8,RU,1695796931
335,kolonia,50.9333,6.95,16.08,85,0,2.57,DE,1695796931
336,riachos,39.4447,-8.5142,17.5,62,80,1.46,PT,1695796931
337,tezu,27.9167,96.1667,33.85,52,6,1.77,IN,1695796931
338,alness,57.696,-4.2551,9.87,94,27,1.53,GB,1695796932
339,san salvador de jujuy,-24.1946,-65.2971,11.74,84,100,0.5,AR,1695796932
340,hadibu,12.65,54.0333,28.18,74,97,4.11,YE,1695796932
341,balsas,-7.5325,-46.0356,25.89,68,14,1.62,BR,1695796932
342,brisas de zicatela,15.8369,-97.0419,25.94,86,17,2.38,MX,1695796932
343,kirakira,-10.4544,161.9205,26.72,80,100,6.09,SB,1695796933
344,anaconda,46.1285,-112.9423,11.55,74,99,0.94,US,1695796933
345,taree,-31.9,152.4667,20.68,82,75,3.72,AU,1695796933
346,kralendijk,12.15,-68.2667,27.99,83,20,1.54,BQ,1695796933
347,ji'an,27.1172,114.9793,30.88,63,98,3.35,CN,1695796933
348,carnarvon,-24.8667,113.6333,25.11,57,13,7.65,AU,1695796664
349,libreville,0.3925,9.4537,25.89,83,49,2.66,GA,1695796934
350,sibolga,1.7427,98.7792,27.8,79,46,1.4,ID,1695796934
351,newman,37.3138,-121.0208,19.13,73,0,2.17,US,1695796934
352,nova sintra,14.8667,-24.7167,23.33,79,67,7.02,CV,1695796934
353,merizo village,13.2658,144.6691,26.31,97,100,7.54,GU,1695796935
354,el calafate,-50.3408,-72.2768,3.34,88,100,0.9,AR,1695796935
355,archidona,37.0965,-4.3887,16.89,79,4,1.97,ES,1695796935
356,rongelap,11.1635,166.8941,28.49,78,100,6.55,MH,1695796935
357,comarnic,45.25,25.6333,22.73,40,7,4.52,RO,1695796936
358,pasuquin,18.3328,120.6177,30.97,79,75,3.09,PH,1695796936
359,timbuktu,16.7735,-3.0074,32.63,34,5,2.88,ML,1695796936
360,hamilton,39.1834,-84.5333,18.0,95,0,2.24,US,1695796936
361,humaita,-7.5061,-63.0208,26.08,59,0,0.97,BR,1695796936
362,paragominas,-2.9667,-47.4833,21.68,96,5,1.31,BR,1695796937
363,alaghsas,17.0187,8.0168,26.94,28,5,1.54,NE,1695796901
364,kievka,50.2619,71.5514,17.43,59,71,6.01,KZ,1695796937
365,san andres,12.5847,-81.7006,28.01,94,40,0.0,CO,1695796937
366,berdigestyakh,62.0989,126.6992,11.05,59,100,2.25,RU,1695796937
367,riverton,40.5219,-111.9391,21.47,36,0,3.58,US,1695796937
368,baardheere,2.3446,42.2764,30.59,50,13,7.18,SO,1695796938
369,xining,36.6167,101.7667,17.14,47,73,2.61,CN,1695796938
370,gizo,-8.103,156.8419,27.13,84,100,8.87,SB,1695796938
371,tera,14.0078,0.7531,31.39,49,0,3.29,NE,1695796938
372,saldanha,-33.0117,17.9442,12.03,62,4,1.46,ZA,1695796938
373,pinotepa nacional,16.3167,-98.0167,23.78,94,4,1.36,MX,1695796939
374,los llanos de aridane,28.6585,-17.9182,20.86,85,20,3.6,ES,1695796939
375,hatillo,18.4863,-66.8254,27.82,91,13,0.45,PR,1695796939
376,mumbwa,-14.9783,27.0619,26.84,28,100,2.05,ZM,1695796939
377,paita,-5.0892,-81.1144,18.81,87,17,5.94,PE,1695796939
378,port douglas,-16.4833,145.4667,23.54,66,0,7.18,AU,1695796939
379,tazacorte,28.629,-17.9293,22.54,85,20,3.6,ES,1695796940
380,naracoorte,-36.9579,140.7383,15.83,57,0,5.95,AU,1695796940
381,muskegon,43.3,-86.1334,17.92,85,100,5.66,US,1695796940
382,remontnoye,46.5614,43.6501,22.4,26,0,6.82,RU,1695796940
383,neftcala,39.3742,49.2472,23.83,38,0,2.9,AZ,1695796940
384,vadso,70.0744,29.7487,12.49,87,0,3.09,NO,1695796941
385,ridgecrest,35.6225,-117.6709,22.23,37,0,3.6,US,1695796941
386,bereznik,62.8551,42.7072,12.78,84,100,3.0,RU,1695796941
387,nagqu,31.5,92.0,14.58,30,100,7.72,CN,1695796941
388,hilo,19.7297,-155.09,23.86,90,75,2.06,US,1695796941
389,galesong,-5.3166,119.3661,33.01,45,38,5.6,ID,1695796942
390,camiri,-20.05,-63.5167,16.99,78,100,3.33,BO,1695796942
391,st. john's,47.5649,-52.7093,8.87,81,100,4.63,CA,1695796942
392,filipstad,59.7124,14.1683,13.09,94,100,2.77,SE,1695796942
393,modimolle,-24.7,28.4,18.31,56,86,3.02,ZA,1695796942
394,birjand,32.8663,59.2211,27.26,8,20,0.0,IR,1695796943
395,skovorodino,53.9833,123.9167,12.1,73,99,5.54,RU,1695796943
396,altpinar,39.2042,32.7478,21.0,35,0,3.03,TR,1695796943
397,loanhead,55.8795,-3.1587,9.5,89,100,1.34,GB,1695796943
398,opuwo,-18.0607,13.84,23.15,12,0,6.79,NA,1695796943
399,canacona,14.9959,74.0506,26.23,89,92,2.92,IN,1695796944
400,gereida,11.2811,25.1414,27.66,67,100,2.96,SD,1695796944
401,kristiansund,63.1115,7.732,15.03,58,75,2.06,NO,1695796944
402,tazovsky,67.4667,78.7,3.02,58,87,5.17,RU,1695796944
403,chui,-33.6971,-53.4616,10.01,95,100,4.98,UY,1695796944
404,uzhur,55.3036,89.8339,12.34,51,7,0.42,RU,1695796944
405,pisco,-13.7,-76.2167,17.23,82,8,0.0,PE,1695796945
406,sept-iles,50.2001,-66.3821,14.0,56,0,2.57,CA,1695796877
407,sitia,35.2,26.0986,24.43,60,10,1.24,GR,1695796945
408,waingapu,-9.6567,120.2641,31.05,45,100,5.26,ID,1695796945
409,sinabang,2.4803,96.3801,28.36,69,88,3.43,ID,1695796945
410,new toronto,43.6002,-79.5053,17.95,70,100,5.14,CA,1695796946
411,maumere,-8.6199,122.2111,28.58,60,93,0.28,ID,1695796946
412,tommot,58.9564,126.2925,12.84,49,0,0.81,RU,1695796946
413,rotonda west,26.8837,-82.2901,26.02,100,100,2.57,US,1695796714
414,ribeira brava,32.65,-17.0667,22.06,80,27,0.61,PT,1695796946
415,vychegodskiy,61.247,46.8984,9.45,94,100,2.73,RU,1695796946
416,tralee,52.2704,-9.7026,14.14,88,20,6.17,IE,1695796947
417,taoudenni,22.6783,-3.9836,33.4,12,10,0.78,ML,1695796947
418,hotan,37.0997,79.9269,24.68,12,6,3.37,CN,1695796947
419,saudarkrokur,65.7461,-19.6394,5.12,94,100,2.36,IS,1695796879
420,hobyo,5.3505,48.5268,28.9,69,45,7.88,SO,1695796947
421,mata-utu,-13.2816,-176.1745,27.3,80,14,7.55,WF,1695796948
422,mansa,29.9833,75.3833,35.14,30,0,3.27,IN,1695796948
423,vanju-mare,44.4253,22.8697,21.79,36,60,4.37,RO,1695796948
424,sierra grande,-41.606,-65.3557,11.03,33,100,3.25,AR,1695796948
425,afaahiti,-17.75,-149.2833,22.93,91,26,6.47,PF,1695796948
426,bonthe,7.5264,-12.505,25.71,85,14,0.94,SL,1695796948
427,mammoth lakes,37.6485,-118.9721,7.11,39,0,1.54,US,1695796948
428,wotje,9.4543,170.2367,28.76,76,100,3.59,MH,1695796949
429,farafangana,-22.8167,47.8333,24.99,65,50,4.64,MG,1695796949
430,cibitoke,-2.8833,29.25,27.25,37,92,1.07,BI,1695796949
431,dalandzadgad,43.5708,104.425,16.16,25,25,6.71,MN,1695796949
432,kuloy,61.0305,42.4925,12.35,81,100,2.6,RU,1695796949
433,ati,13.2154,18.3353,31.73,34,95,3.18,TD,1695796949
434,handan,36.6006,114.4678,20.16,75,100,2.54,CN,1695796950
435,turpan,42.9333,89.1667,25.95,22,0,1.9,CN,1695796759
436,lompoc,34.6391,-120.4579,17.01,87,0,10.73,US,1695796950
437,hithadhoo,-0.6,73.0833,27.92,72,12,5.44,MV,1695796950
438,igarka,67.4667,86.5833,2.54,64,87,5.28,RU,1695796950
439,codrington,-38.2667,141.9667,13.36,70,0,5.55,AU,1695796950
440,revelstoke,50.9832,-118.2023,10.01,100,100,2.06,CA,1695796940
441,caconda,-13.7333,15.0667,22.19,36,0,1.37,AO,1695796951
442,geraldton,-28.7667,114.6,36.23,21,5,6.17,AU,1695796817
443,fandriana,-20.2333,47.3833,21.24,33,5,3.84,MG,1695796951
444,iwanai,42.9744,140.5089,21.38,80,100,0.53,JP,1695796951
445,warsaw,52.2298,21.0118,17.68,87,0,2.57,PL,1695796803
446,sur,22.5667,59.5289,31.21,37,94,2.23,OM,1695796951
447,montevideo,-34.8335,-56.1674,8.84,87,0,1.54,UY,1695796952
448,rio grande,-32.035,-52.0986,12.75,93,100,7.11,BR,1695796952
449,embarcacion,-23.209,-64.096,19.01,84,100,2.18,AR,1695796952
450,ain leuh,33.2921,-5.3384,18.2,51,1,1.22,MA,1695796952
451,oban,56.4127,-5.4706,8.54,89,100,2.6,GB,1695796953
452,laojunmiao,39.8333,97.7333,16.79,19,0,4.68,CN,1695796953
453,lihue,21.9789,-159.3672,26.58,76,20,7.2,US,1695796808
454,bardai,11.65,7.2333,25.41,74,84,3.1,NG,1695796953
455,zamania,25.4333,83.5667,34.04,51,69,1.54,IN,1695796953
456,kodinsk,58.6881,99.1844,14.19,45,13,2.5,RU,1695796954
457,prince george,53.9166,-122.753,12.36,66,100,2.06,CA,1695796809
458,lata,40.1629,-8.3327,13.84,73,99,0.38,PT,1695796954
459,fasa,28.9383,53.6482,28.58,30,0,0.0,IR,1695796954
460,dapa,9.7594,126.0531,29.22,76,27,7.68,PH,1695796954
461,porto novo,6.4965,2.6036,24.9,84,100,1.97,BJ,1695796922
462,ta`u,-14.2336,-169.5144,26.49,70,24,7.41,AS,1695796955
463,lishui,28.4604,119.9103,30.91,73,80,1.23,CN,1695796955
464,usinsk,65.9939,57.5281,9.33,94,100,4.57,RU,1695796955
465,tongchuanshi,35.0806,109.0897,19.48,75,100,1.35,CN,1695796955
466,chegdomyn,51.1167,133.0167,13.67,86,100,3.33,RU,1695796955
467,carbonear,47.7332,-53.2148,9.03,81,99,4.71,CA,1695796956
468,ilha de mocambique,-15.0342,40.7358,26.68,68,4,4.5,MZ,1695796956
469,obidos,-1.9175,-55.5181,25.35,57,5,1.54,BR,1695796956
470,colby,39.3958,-101.0524,14.9,78,0,4.12,US,1695796956
471,idabel,33.8957,-94.8263,21.0,85,100,0.0,US,1695796951
472,qiancheng,27.185,109.7654,34.0,44,43,0.5,CN,1695796956
473,san luis,-33.295,-66.3356,8.05,26,0,4.05,AR,1695796957
474,turabah,21.2141,41.6331,35.28,11,7,3.23,SA,1695796957
475,san jose,37.3394,-121.895,17.39,76,20,9.83,US,1695796785
476,piti village,13.4626,144.6933,26.49,92,100,3.09,GU,1695796957
477,lavelanet,42.9313,1.8466,19.59,42,75,1.97,FR,1695796957
478,haiku-pauwela,20.9219,-156.3051,25.02,73,20,8.75,US,1695796957
479,cariamanga,-4.3333,-79.55,10.99,89,6,1.27,EC,1695796724
480,askoy,60.4092,5.226,14.16,100,75,5.66,NO,1695796958
481,medyn',54.9692,35.8586,14.62,63,33,0.66,RU,1695796958
482,lagunillas,10.1301,-71.2595,26.61,87,7,1.99,VE,1695796958
483,mount isa,-20.7333,139.5,33.87,14,0,3.6,AU,1695796958
484,cataingan,12.003,123.992,28.86,75,99,4.01,PH,1695796958
485,suratgarh,29.3167,73.9,35.45,22,0,1.93,IN,1695796958
486,zalingei,12.9096,23.4741,27.68,61,99,2.37,SD,1695796959
487,dryden,49.7833,-92.7503,13.16,82,0,3.6,CA,1695796935
488,manggar,-2.8833,108.2667,29.18,65,5,8.72,ID,1695796959
489,thurso,58.5927,-3.5259,10.48,83,100,4.06,GB,1695796959
490,milan,45.4643,9.1895,20.05,84,0,1.03,IT,1695796959
491,gagliano del capo,39.8442,18.3695,24.36,83,0,4.63,IT,1695796959
492,vilyuchinsk,52.9306,158.4028,12.15,63,90,2.33,RU,1695796959
493,jaunpils,56.7325,23.0136,16.91,73,100,3.82,LV,1695796960
494,robore,-18.3333,-59.75,25.36,53,21,4.49,BO,1695796960
495,choyr,46.3611,108.3611,10.51,42,5,2.57,MN,1695796960
496,uaua,-9.8414,-39.4817,21.39,80,6,3.23,BR,1695796960
497,tanjung pandan,-2.75,107.65,32.79,43,0,6.52,ID,1695796960
498,lethem,3.3803,-59.7968,26.59,66,61,3.05,GY,1695796961
499,kushima,31.4583,131.2333,28.57,71,33,2.38,JP,1695796961
500,rikaze,29.25,88.8833,19.18,24,5,1.23,CN,1695796961
501,zunyi,27.6867,106.9072,25.87,73,74,2.88,CN,1695796940
502,kondagaon,19.6,81.6667,28.58,72,98,0.88,IN,1695796961
503,enewetak,11.3474,162.3373,28.72,75,95,5.63,MH,1695796961
504,nalut,30.3333,10.85,19.0,66,0,4.74,LY,1695796961
505,trujillo,-8.116,-79.03,18.98,88,100,3.6,PE,1695796962
506,quelimane,-17.8786,36.8883,25.97,65,0,6.69,MZ,1695796952
507,penzance,50.1186,-5.5371,16.62,100,100,10.29,GB,1695796962
508,khandyga,62.6667,135.6,8.9,69,81,1.38,RU,1695796962
509,jumla,29.2747,82.1838,23.56,37,0,3.05,NP,1695796962
510,la serena,-29.9078,-71.2542,10.73,87,0,1.03,CL,1695796962
511,bengkulu,-3.8004,102.2655,27.07,75,11,4.54,ID,1695796963
512,selah,46.654,-120.5301,10.8,79,75,3.09,US,1695796963
513,luganville,-15.5333,167.1667,23.71,75,70,5.01,VU,1695796963
514,argostolion,38.1811,20.489,22.04,61,20,5.14,GR,1695796963
515,sos'va,59.1766,61.8558,13.67,65,100,3.44,RU,1695796964
516,lodwar,3.1191,35.5973,32.04,36,7,6.89,KE,1695796964
517,marsh harbour,26.5412,-77.0636,27.98,78,100,5.52,BS,1695796964
518,chamical,-30.36,-66.314,10.79,35,0,1.7,AR,1695796964
519,turbat,26.0023,63.044,37.15,6,99,2.36,PK,1695796964
520,la carolina,38.2756,-3.6153,19.15,45,5,1.1,ES,1695796965
521,arkalyk,50.2486,66.9114,17.23,55,13,4.38,KZ,1695796965
522,pontianak,-0.0333,109.3333,33.99,43,75,3.09,ID,1695796965
523,troy,42.6056,-83.1499,17.8,83,100,4.12,US,1695796861
524,mahina,-17.5065,-149.489,23.87,83,75,1.03,PF,1695796965
525,srikakulam,18.3,83.9,31.2,69,83,3.24,IN,1695796965
526,den burg,53.0542,4.7972,15.99,99,100,2.06,NL,1695796966
527,saguenay,48.4168,-71.0657,7.06,95,20,1.03,CA,1695796966
528,pensilvania,40.2724,-76.9057,14.03,93,100,0.89,US,1695796894
529,north bay,46.3168,-79.4663,12.28,83,0,3.09,CA,1695796772
530,rawah,34.4816,41.9093,33.96,19,0,1.41,IQ,1695796966
531,tadmur,34.5608,38.2805,28.29,29,0,0.94,SY,1695796967
532,mutoko,-17.397,32.2268,24.96,33,59,4.15,ZW,1695796967
533,ishikawa,26.4233,127.8214,32.41,67,40,5.66,JP,1695796967
534,belomorsk,64.5232,34.7668,13.66,78,0,4.78,RU,1695796967
535,columbus,39.9612,-82.9988,17.46,88,100,2.57,US,1695796871
536,daru,-9.0763,143.2092,24.99,84,100,8.1,PG,1695796968
537,kamiiso,41.8167,140.65,23.21,68,40,4.12,JP,1695796968
538,cidreira,-30.1811,-50.2056,16.74,95,100,3.92,BR,1695796968
539,vikulovo,56.8167,70.6107,13.06,48,21,3.28,RU,1695796968
540,skelleftea,64.7507,20.9528,11.2,100,100,3.09,SE,1695796968
541,udayagiri,20.1333,84.3833,28.02,73,83,1.2,IN,1695796968
542,smithers,54.7804,-127.1743,11.18,76,100,2.57,CA,1695796933
543,oyem,1.5995,11.5793,21.9,93,78,1.27,GA,1695796969
544,santa luzia,-19.7697,-43.8514,25.99,68,0,2.06,BR,1695796969
545,fiambala,-27.6871,-67.6149,8.68,81,93,2.49,AR,1695796969
546,miyako,39.6367,141.9525,21.88,82,40,1.38,JP,1695796969
547,nueva esperanza,15.2667,-87.6,25.79,99,100,0.78,HN,1695796970
548,berezovyy,51.6667,135.7,12.66,86,100,2.25,RU,1695796970
549,alta,69.9689,23.2717,13.59,82,75,4.63,NO,1695796970
550,port isabel,26.0734,-97.2086,27.79,80,0,2.06,US,1695796970
551,psachna,38.5833,23.6333,15.8,82,100,6.24,GR,1695796970
552,shortandy,51.7006,70.9994,14.81,71,99,3.23,KZ,1695796970
553,sampit,-2.5333,112.95,36.23,33,3,3.64,ID,1695796971
554,galveston,29.3669,-94.9669,27.22,87,0,1.54,US,1695796971
555,grand gaube,-20.0064,57.6608,25.77,63,59,4.02,MU,1695796971
556,dishna,26.1247,32.476,33.94,15,6,1.05,EG,1695796971
557,zaozersk,69.4005,32.4476,10.9,83,100,8.45,RU,1695796971
558,ponta delgada,37.7333,-25.6667,19.4,94,20,2.57,PT,1695796971
559,tindouf,27.6711,-8.1474,22.25,43,0,5.14,DZ,1695796971
560,oltinko'l,40.8011,72.1634,28.57,13,0,1.97,UZ,1695796972
561,klaipeda,55.7172,21.1175,17.03,76,100,6.3,LT,1695796720
562,weno,7.4515,151.8468,28.97,84,100,4.12,FM,1695796972
563,papao,-17.75,-149.55,23.82,90,76,8.77,PF,1695796972
564,kirensk,57.7853,108.1119,14.84,42,52,2.0,RU,1695796972
565,aykhal,66.0,111.5,3.72,81,100,10.31,RU,1695796972
566,buncrana,55.1333,-7.45,10.87,89,100,5.39,IE,1695796972
567,nemuro,43.3236,145.575,17.39,85,40,3.77,JP,1695796973
568,dasht-e archi,37.1333,69.1667,28.23,13,63,3.48,AF,1695796973
569,visakhapatnam,17.69,83.2093,30.94,84,75,4.63,IN,1695796750
570,kidal,18.4411,1.4078,31.64,11,4,4.08,ML,1695796973
571,zeya,53.75,127.2667,11.01,81,100,4.77,RU,1695796973
572,kilindoni,-7.9139,39.6668,25.92,76,3,4.97,TZ,1695796973
573,karaj,35.8355,51.0103,21.29,52,20,5.14,IR,1695796974
574,falenki,58.3613,51.5946,13.43,65,100,4.7,RU,1695796974
575,pueblo yaqui,27.35,-110.0333,28.51,64,0,4.29,MX,1695796974
576,kratie,12.4881,106.0188,28.2,87,100,3.04,KH,1695796974
577,inhambane,-23.865,35.3833,22.99,94,75,0.0,MZ,1695796974
